{
	"asreiwbvvtp5jtqb": {
		"definition": "root_element_spell_power",
		"x": 0,
		"y": 0,
		"root": true
	},
	"hzbxjt8d26qhw4rr": {
		"definition": "elementpower",
		"x": -64,
		"y": 64,
		"root": false
	},
	"5pwb4qq3afaviwui": {
		"definition": "elementpower",
		"x": -128,
		"y": 128,
		"root": false
	},
	"3sns0ys4dzpythzj": {
		"definition": "elementpower",
		"x": -192,
		"y": 192,
		"root": false
	},
	"t62a6o5ggt1k7hj8": {
		"definition": "cooldown",
		"x": 0,
		"y": 128,
		"root": false
	},
	"djoja9qmxdm9joib": {
		"definition": "elementpower",
		"x": -256,
		"y": 256,
		"root": false
	},
	"zmeurotee618awn5": {
		"definition": "spellpower",
		"x": -64,
		"y": 192,
		"root": false
	},
	"ak0mi15jda1ahur3": {
		"definition": "spellpower",
		"x": -128,
		"y": 256,
		"root": false
	},
	"1jis6315cbnqm7s9": {
		"definition": "spellpower",
		"x": -192,
		"y": 320,
		"root": false
	},
	"4f2mfghzw91hxgb2": {
		"definition": "magicprot",
		"x": 64,
		"y": 64,
		"root": false
	},
	"fpozbco6ic4d4vq6": {
		"definition": "cooldown",
		"x": 64,
		"y": 192,
		"root": false
	},
	"2ulsiv1w9z9q8sff": {
		"definition": "cooldown",
		"x": 192,
		"y": 64,
		"root": false
	},
	"faq5avf7q3jkg4j5": {
		"definition": "cooldown",
		"x": 192,
		"y": 192,
		"root": false
	},
	"vi32r0vuu3c8yg3z": {
		"definition": "magicprot",
		"x": 256,
		"y": 128,
		"root": false
	},
	"vhmzpbbqc07wv624": {
		"definition": "cooldown",
		"x": 384,
		"y": 128,
		"root": false
	},
	"cscwnzidnfdksypo": {
		"definition": "elementpower",
		"x": 448,
		"y": 192,
		"root": false
	},
	"1jecd81s421pwt4e": {
		"definition": "elementpower",
		"x": 512,
		"y": 128,
		"root": false
	},
	"7gkrtbfdtdd78ec7": {
		"definition": "elementpower",
		"x": 512,
		"y": 256,
		"root": false
	},
	"3k6pi2g74hrtplwx": {
		"definition": "elementpower",
		"x": 448,
		"y": 320,
		"root": false
	},
	"k36o21mg214ko29t": {
		"definition": "spellpower",
		"x": 384,
		"y": 256,
		"root": false
	},
	"ppxeor53432uw06q": {
		"definition": "elementpower",
		"x": 512,
		"y": 384,
		"root": false
	},
	"p5zt8tmecuxbod06": {
		"definition": "elementpower",
		"x": 448,
		"y": 448,
		"root": false
	},
	"6xgeg6ujnlw1fqc5": {
		"definition": "spellpower",
		"x": 384,
		"y": 384,
		"root": false
	},
	"h51rksmspu9oq2ex": {
		"definition": "elementprot",
		"x": 128,
		"y": 0,
		"root": false
	},
	"5l73vufj5xeeej5k": {
		"definition": "elementprot",
		"x": 320,
		"y": -192,
		"root": false
	},
	"3pqqkzbcn72he22j": {
		"definition": "elementprot",
		"x": 512,
		"y": 0,
		"root": false
	},
	"htrtkjzege8lu0e0": {
		"definition": "elementprot",
		"x": 256,
		"y": 0,
		"root": false
	},
	"z004uk1gq1wgj3nh": {
		"definition": "maxmana",
		"x": 320,
		"y": -64,
		"root": false
	},
	"67c9d37m2y7a2qc6": {
		"definition": "magicprot",
		"x": 448,
		"y": -320,
		"root": false
	},
	"n8uv58z28nkoeaij": {
		"definition": "elementprot",
		"x": 384,
		"y": -384,
		"root": false
	},
	"hd1wnf2tqs61y78q": {
		"definition": "maxmana",
		"x": 448,
		"y": -448,
		"root": false
	},
	"sr7kh7e7z89dnrgi": {
		"definition": "magicprot",
		"x": 192,
		"y": -64,
		"root": false
	},
	"42gn1kkx16dj2tds": {
		"definition": "elementprot",
		"x": 192,
		"y": -128,
		"root": false
	},
	"u5m1wdljadjh13l4": {
		"definition": "elementprot",
		"x": 256,
		"y": -192,
		"root": false
	},
	"1nrpaawwnei3tstz": {
		"definition": "elementprot",
		"x": -64,
		"y": -64,
		"root": false
	},
	"oehtnb2g79fvabuo": {
		"definition": "magicprot",
		"x": -64,
		"y": -192,
		"root": false
	},
	"oit0j4i9xwcg2pvs": {
		"definition": "elementprot",
		"x": -128,
		"y": -128,
		"root": false
	},
	"qe5tm4fcr5ewmwxk": {
		"definition": "maxmana",
		"x": 0,
		"y": -256,
		"root": false
	},
	"gllzo4ir44i4arab": {
		"definition": "maxmana",
		"x": -128,
		"y": -256,
		"root": false
	},
	"ncngt7ooa8q6fltm": {
		"definition": "elementprot",
		"x": 0,
		"y": -128,
		"root": false
	},
	"has8far9fidu0eti": {
		"definition": "maxmana",
		"x": -64,
		"y": -320,
		"root": false
	},
	"io1d0s58s5ryte2x": {
		"definition": "elementprot",
		"x": 384,
		"y": 0,
		"root": false
	}
}