{
	"experience_per_level": {
		"type": "expression",
		"data": {
			"expression": "min(level ^ 1.432 + 10, 200)"
		}
	},
	"sources": [
		{
			"type": "puffish_skills:kill_entity",
			"data": {
				"conditions": {
					"fire_magic": {
						"type": "damage_type",
						"data": {
							"damage": "irons_spellbooks:fire_magic"
						}
					}
				},
				"parameters": {
					"dropped_xp": {
						"type": "entity_dropped_experience"
					},
					"max_health": {
						"type": "entity_max_health"
					}
				},
				"experience": [
                    {
                        "condition": "fire_magic",
                        "expression": "dropped_xp + max_health / 50"
                    }    
                ],
				"anti_farming": {
					"limit_per_chunk": 15,
					"reset_after_seconds": 300
				}
			}
		}
	]
}